0.500000000000000	1.000000000000000	0.882352941176471	0.904761904761905	0.897058823529412	0.894736842105263	0.892156862745098	0.885245901639344	0.888000000000000	0.888000000000000	0.893617021276596	0.897959183673469	0.886075949367089	0.888888888888889	0.879310344827586	0.887445887445887	0.887096774193548	0.915584415584416	0.913202933985330	0.917793964620187	0.843383084577114	0.764396709323583	0.756350201227156	0.755181853734845	0.751913793944122	0.754166480496850	0.751636857234111	0.737011608154020	0.739619985925405	0.738598085868577	0.742296850104179	0.740629651847408	0.744523828217006	0.754646081648615	0.765876935702020	0.770509107640674	0.773364961842121	0.774835149468068	0.774886899982374	0.776512474379815	0.774478356401662	0.771460367241641	0.772298013158411	0.768009522065556	0.766075810373225	0.769680085338194	0.770133570706362	0.771396103451581	0.775007843436527	0.775946345793471	0.779710721388537	0.782825328236663	0.788736851393745	0.791520302910149	0.799580248856089	0.806348945751343	0.811013849540834	0.814675299911964	0.817278452082790	0.818409327728073	0.821849220031115	0.825162481955205	0.827039645828016	0.829725263199669	0.832801725529008	0.836381224785798	0.838464428338281	0.841222787788429	0.842993168074752	0.845073231616500	0.847033089356199	0.849395670088734	0.851675495785995	0.853313348016300	0.855027478342745	0.856537757624595	0.857454210639798	0.858376929522497	0.859106545582756	0.859870981946620	0.860677968413610	0.861585070250060	0.862320908603630	0.863022952493018	0.863607400330062	0.864043712863008	0.864926866820631	0.865875366633420	0.866746326326894	0.867688745714130	0.868313493950589	0.869289053742692	0.870262949857062	0.871412870494931	0.871986188078767	0.872654863445450	0.873088406621086	0.873570809450272	0.873914367142828	0.874351824582505	0.874811917423033	0.875160327175331	0.875453716489071	0.875638106440134	0.875786162713110	0.875975927380659
0.750000000000000	0.000000000000000	0.000000000000000	0.000000000000000	0.009808823529412	0.021052631578947	0.019607843137255	0.021860655737705	0.021336000000000	0.021336000000000	0.018914893617021	0.018142857142857	0.025316455696203	0.024691358024691	0.030649425287356	0.023086580086580	0.017203225806452	0.010389610389610	0.010595354523227	0.009711758584808	0.014859104477612	0.025441803778184	0.025202876558686	0.025327280853679	0.025387244624311	0.025140386935347	0.023874161609709	0.027510369479049	0.026802925068078	0.027428754745228	0.025787473955142	0.026468772912084	0.023932892360839	0.018714688929318	0.017648633041047	0.017646899612959	0.016772694054080	0.016364930133494	0.016411742817415	0.016426364053997	0.016230693974435	0.015917179133275	0.016014198265601	0.015984050540194	0.015716327353808	0.015200001035658	0.015122855055707	0.014424563132938	0.014050350622811	0.013642371042509	0.012959681793527	0.012599857071630	0.011984490958384	0.011476407744760	0.010518311453319	0.009795874475221	0.009529782213997	0.009308056343285	0.008981918426093	0.008924100822823	0.008684073497877	0.008337904156134	0.008210477687374	0.008037251894981	0.007818130963779	0.007469277659869	0.007310386930101	0.007152536312068	0.007052911366083	0.006939105007672	0.006869828956819	0.006728399239279	0.006623327677056	0.006500984873757	0.006430496964076	0.006321960746821	0.006253154535396	0.006208173462579	0.006128310987444	0.006141058549636	0.006066397194948	0.005980063571226	0.005939049529908	0.005913681472135	0.005906830191957	0.005913477336410	0.005872967834789	0.005849500879526	0.005789834558966	0.005746509062094	0.005718185033714	0.005678673929775	0.005632944405246	0.005573678117462	0.005547995333935	0.005553301494405	0.005533954344040	0.005522093245873	0.005538790321658	0.005501448585576	0.005510524374491	0.005527658378513	0.005556626631582	0.005600625212530	0.005655655458419	0.005692803204493
2.625000000000000	0.000000000000000	0.000000000000000	0.000000000000000	0.013073529411765	0.014031578947369	0.017431372549020	0.014573770491803	0.010664000000000	0.010664000000000	0.006304964539007	0.006047619047619	0.005626582278481	0.005487654320988	0.005109195402299	0.009619047619048	0.012903225806452	0.009235064935065	0.009779951100245	0.008324661810614	0.013001592039801	0.019872714808044	0.021816124562908	0.020286664059445	0.020305426885758	0.020155980519190	0.019695504631108	0.020951302378256	0.021077899825597	0.020780970967225	0.020416448094129	0.021072318869560	0.020561278165973	0.021174451226770	0.017169095633938	0.016395864346226	0.015633217122525	0.015442229704291	0.015093055365152	0.013978214008057	0.013775063751985	0.013993366237182	0.013911233045139	0.014131178660807	0.014035636253628	0.013622352600019	0.013528540397761	0.013147720167764	0.012688937786709	0.012438658644837	0.011988992948834	0.011744500581685	0.011274507298104	0.010774607261132	0.010113954568410	0.009697368482773	0.009266162914105	0.008869450563717	0.008716227140682	0.008585151449822	0.008287526384392	0.007968776988395	0.007826705296012	0.007528899522074	0.007294890379423	0.006951716784449	0.006784537920906	0.006621654455872	0.006525476898791	0.006437515347061	0.006206855027655	0.006039212051485	0.005866650371575	0.005701895484306	0.005575595964280	0.005489010407419	0.005401974014470	0.005301889353319	0.005260098531556	0.005171816819482	0.005162096029233	0.005092353217626	0.005060031291196	0.004980837716376	0.004932009380700	0.004886715153087	0.004828091173813	0.004750339302118	0.004668666541137	0.004564292150650	0.004468842875694	0.004369357358837	0.004279266404668	0.004189930216677	0.004114395639333	0.004074939537013	0.004059647968581	0.004030334729765	0.003990010571084	0.003981105124617	0.003926559042893	0.003886974407125	0.003863516139958	0.003839864352963	0.003823712287984	0.003821148345059
3.938000000000000	0.000000000000000	0.034882352941177	0.028238095238095	0.013073529411765	0.009357894736842	0.008715686274510	0.009713114754098	0.011848000000000	0.011848000000000	0.012609929078014	0.012095238095238	0.011253164556962	0.010975308641975	0.008511494252874	0.007696969696970	0.005735483870968	0.003077922077922	0.003622249388753	0.004008324661811	0.011615920398010	0.015370048750762	0.016420729695850	0.016520699480418	0.016643083524306	0.015476073455163	0.016063957202172	0.016284966024915	0.015656579873329	0.015454044805646	0.015150729256036	0.015345086538248	0.015132350632017	0.015219611310425	0.016223515645183	0.015589899044577	0.015164647953132	0.014843023568517	0.014779704666967	0.014423218955403	0.013790508572437	0.013486989008766	0.013039239794384	0.013209717389978	0.013022241145559	0.012556774754808	0.012282907690596	0.012061880182734	0.011660103618156	0.011505844757866	0.011381507864762	0.010913275718797	0.010607801075318	0.010291433741197	0.009812050969057	0.009277979219926	0.008916617694784	0.008700560674107	0.008454591129395	0.008273746900938	0.008075983685826	0.007846669671506	0.007670144501811	0.007525540430984	0.007275765945545	0.006999988589425	0.006834592931774	0.006645639639850	0.006498480117432	0.006318054362640	0.006122580605557	0.005915701788715	0.005739214921290	0.005640488810071	0.005501556827953	0.005397198567273	0.005315887270054	0.005216401540611	0.005152336392195	0.005090501024500	0.005005484916480	0.004933886221144	0.004853998319547	0.004795381856331	0.004710475462521	0.004659995290151	0.004594045586906	0.004530885849378	0.004422957329420	0.004320144503155	0.004226913056695	0.004113484645381	0.004014976035351	0.003907267020126	0.003801808933940	0.003716640524594	0.003641727384528	0.003594835134460	0.003543018210475	0.003482021225103	0.003437759902578	0.003390059899338	0.003329560482505	0.003265347370728	0.003222286815823	0.003182886461098
5.906000000000000	0.000000000000000	0.000000000000000	0.000000000000000	0.000000000000000	0.000000000000000	0.000000000000000	0.000000000000000	0.000000000000000	0.000000000000000	0.000000000000000	0.000000000000000	0.000000000000000	0.000000000000000	0.001137931034483	0.000857142857143	0.001912903225806	0.002051948051948	0.002173594132029	0.002055150884495	0.005031641791045	0.007387873248020	0.007128653427459	0.007438180903961	0.007310254034814	0.007440194808096	0.007460236346215	0.007473103057758	0.007476241471101	0.007773218200289	0.007592302978306	0.007219400564332	0.007513837638376	0.007043034703212	0.006814202999863	0.006656183181314	0.006612047586529	0.006567860331530	0.006489453790564	0.006591225528306	0.006698834020304	0.006744563999913	0.006725347599179	0.006941250076299	0.007167626528028	0.007109981668859	0.007030410194140	0.007000036510175	0.006853861938558	0.006833604892001	0.006554839992768	0.006535555924880	0.006265269422815	0.006222240217130	0.005907233474519	0.005626134577949	0.005415547622598	0.005278276109684	0.005180842182406	0.005130437282167	0.004973695496783	0.004874983452371	0.004806499521611	0.004687503897680	0.004612248136235	0.004512139584300	0.004431588923665	0.004316767032020	0.004248181898473	0.004151246690664	0.004065552570354	0.003997467532531	0.003889651833433	0.003808266394944	0.003724784437517	0.003643996612809	0.003601809679764	0.003567824346301	0.003517555896488	0.003467938912952	0.003437730132713	0.003404346652948	0.003343164467108	0.003274492110524	0.003255064014592	0.003225585403562	0.003177604177126	0.003130836341145	0.003093083151273	0.003037119769280	0.002993410701642	0.002944708245767	0.002904443020150	0.002841974917863	0.002790627854846	0.002744833729620	0.002695013521197	0.002662804548692	0.002641180606500	0.002603393367572	0.002566032353131	0.002525144195775	0.002481036396321	0.002416178213994	0.002382227488030	0.002351849537936
8.859000000000000	0.000000000000000	0.000000000000000	0.000000000000000	0.000000000000000	0.000000000000000	0.000000000000000	0.001081967213115	0.001056000000000	0.001056000000000	0.001865248226950	0.001789115646259	0.002500000000000	0.002438271604938	0.003028735632184	0.001709956709957	0.001700000000000	0.001367532467532	0.001287286063570	0.001233090530697	0.001546268656716	0.003360374771481	0.003405753117372	0.003310743616962	0.003338875615583	0.003442071399848	0.003496167358671	0.003886855889015	0.003876112963926	0.003869004972464	0.003889765902684	0.003941056233198	0.003879700871477	0.003757179535137	0.003516161877118	0.003480458494600	0.003642861421606	0.003620720071426	0.003620943577290	0.003700765071737	0.003898806755305	0.003920647767428	0.003868644788301	0.003915332967100	0.003972795213392	0.003947600898951	0.003993802822352	0.004054281502576	0.003991384938906	0.004002958871684	0.003976091122763	0.003922822004321	0.003778555714794	0.003777505682358	0.003696533119482	0.003624124586627	0.003543662453623	0.003462754930240	0.003397928731438	0.003370845460098	0.003293648404322	0.003253309525761	0.003232441783577	0.003176890870642	0.003122112912422	0.003074208042681	0.003037114649480	0.002990891407406	0.002930760656786	0.002891194298882	0.002868002709190	0.002805893528477	0.002762458929318	0.002737307308790	0.002682710119074	0.002648646318478	0.002625178674450	0.002606728916363	0.002584717444405	0.002566574695499	0.002548284770074	0.002525024498939	0.002500911211230	0.002488703800842	0.002465329974811	0.002443335392470	0.002417065301068	0.002388734184779	0.002362239515490	0.002333883929869	0.002318712550562	0.002298440204379	0.002265867864989	0.002248415733927	0.002244645897042	0.002218671446284	0.002200521412192	0.002185636562561	0.002168512657797	0.002154693648783	0.002145386834033	0.002137399007695	0.002128240106297	0.002105610685563	0.002084474196371	0.002064974256923
13.289000000000000	0.000000000000000	0.000000000000000	0.000000000000000	0.001294117647059	0.000926315789474	0.000862745098039	0.000721311475410	0.000704000000000	0.000704000000000	0.000624113475177	0.000598639455782	0.000556962025316	0.000543209876543	0.000505747126437	0.001138528138528	0.001416129032258	0.000798701298701	0.000751833740831	0.000639958376691	0.001170547263682	0.001491316270567	0.001471201425084	0.001613665567909	0.001759325174314	0.001808319556767	0.001727922389013	0.001802059739524	0.001842701098430	0.001856466876972	0.001926044858439	0.001958341665000	0.001995426709586	0.001933076020608	0.001894503290124	0.001860516415406	0.001830104589728	0.001896292073190	0.001972944125654	0.001990962258817	0.002119773540120	0.002302269787474	0.002370103200659	0.002426417628029	0.002463601833074	0.002439890427416	0.002448480215958	0.002501722823879	0.002522088813140	0.002535642568301	0.002498351111915	0.002483024763171	0.002462940480211	0.002473721539346	0.002404422867555	0.002363989023618	0.002336452184438	0.002331653745198	0.002300109173193	0.002287291150156	0.002260142118320	0.002242616605624	0.002213667444329	0.002201544048031	0.002160504319201	0.002142969437408	0.002126259090211	0.002076960618732	0.002054933776945	0.002038733032451	0.002032270869867	0.002034715989953	0.002024201971393	0.002010167787584	0.002009160033130	0.001997257296803	0.001986918158153	0.001976559242731	0.001971469682965	0.001959403735337	0.001939355222985	0.001929731408604	0.001926404844341	0.001920691977260	0.001910137757318	0.001901909536762	0.001888940656692	0.001873968058653	0.001871414992868	0.001863922614858	0.001867467452907	0.001863498977253	0.001861060692291	0.001855514230698	0.001855446837844	0.001855658927555	0.001851909666567	0.001843911398600	0.001838937750423	0.001833651980882	0.001828696491272	0.001823963524614	0.001824035640778	0.001829671703991	0.001827618600282	0.001823393887005
19.934000000000000	0.000000000000000	0.000000000000000	0.000000000000000	0.000000000000000	0.000000000000000	0.000000000000000	0.000000000000000	0.000000000000000	0.000000000000000	0.000000000000000	0.000000000000000	0.000000000000000	0.000000000000000	0.000000000000000	0.000000000000000	0.000000000000000	0.000228571428571	0.000215158924205	0.000183142559834	0.000500895522388	0.000624162096283	0.000590816124563	0.000578747416057	0.000610707494271	0.000611902953398	0.000785092622165	0.000855464326161	0.000825536211486	0.000807357108485	0.000793381541856	0.000725588215690	0.000729469262778	0.000702582762314	0.000664407397839	0.000678783121769	0.000674549832872	0.000690651119263	0.000715820293375	0.000756466888119	0.000816185786916	0.000867028464479	0.000899892744562	0.000930983336385	0.000956128359982	0.000984988141719	0.001006574523359	0.001014471720588	0.001030275664996	0.001037901173686	0.001019446754656	0.001014336047864	0.001013668160671	0.001033189436120	0.001027093489797	0.001014285714286	0.001013483348098	0.000995608323292	0.001010405451860	0.001028771873091	0.001018419879746	0.001006771920092	0.001009797643729	0.001009544354176	0.001008494518971	0.000989878819690	0.000986529045982	0.000987402886329	0.000989401627990	0.000983924322504	0.000981255639882	0.000969511327937	0.000963543806377	0.000961433125390	0.000958212014935	0.000958797137277	0.000965028508825	0.000965709297874	0.000968712578179	0.000968778127246	0.000972682266624	0.000973510012320	0.000974457836561	0.000978061159392	0.000980934248241	0.000982695057730	0.000982846336647	0.000985337946223	0.000987384927687	0.000992679425172	0.000995393085837	0.000995008239302	0.000997350094524	0.000996311243585	0.001001422931446	0.001002559618658	0.001009912751700	0.001010531443985	0.001013062722307	0.001017608619690	0.001019202918414	0.001023082902768	0.001026487246958	0.001036789762597	0.001039707744253	0.001042299148179
29.900000000000000	0.000000000000000	0.000000000000000	0.000000000000000	0.000000000000000	0.000000000000000	0.000000000000000	0.000000000000000	0.000000000000000	0.000000000000000	0.000000000000000	0.000000000000000	0.000000000000000	0.000000000000000	0.000000000000000	0.000000000000000	0.000000000000000	0.000151948051948	0.000143031784841	0.000202913631634	0.000162985074627	0.000228823887873	0.000221415847463	0.000250684395776	0.000285386903311	0.000282427058666	0.000295991695944	0.000310695073613	0.000334271639690	0.000325455809228	0.000333790905748	0.000345886378280	0.000339267488420	0.000377484569738	0.000376532984818	0.000342693588113	0.000335166349184	0.000311855254241	0.000289614382797	0.000288863170542	0.000295680903273	0.000323124950319	0.000326632048448	0.000348434352683	0.000371169424868	0.000371568089315	0.000377713381743	0.000388194434937	0.000391730898052	0.000400690403393	0.000404223467727	0.000409832142264	0.000410193916269	0.000412709493307	0.000407668706207	0.000404212303868	0.000409140346107	0.000414024560934	0.000420890989245	0.000420944270777	0.000425310515915	0.000426445001986	0.000426493043583	0.000423007364488	0.000423682455329	0.000425137751001	0.000424242350318	0.000422984636530	0.000423521230842	0.000422028353326	0.000423512452246	0.000423418360291	0.000422752334977	0.000423366641185	0.000423758468134	0.000422934564377	0.000421657549448	0.000422555369260	0.000424114502435	0.000426968199786	0.000425482658252	0.000425604023015	0.000428117892480	0.000430664757503	0.000434181186485	0.000437614631932	0.000438230746059	0.000438432177988	0.000440087595534	0.000443730466356	0.000447943610525	0.000450173873057	0.000450380998718	0.000451160759557	0.000455739932976	0.000457042379624	0.000460065277053	0.000461833722580	0.000464678910824	0.000466542007366	0.000467516202911	0.000469324812726	0.000470319672772	0.000475354285378	0.000479857514519	0.000482725970141
44.851000000000000	0.000000000000000	0.000000000000000	0.000000000000000	0.000000000000000	0.000000000000000	0.000000000000000	0.000000000000000	0.000000000000000	0.000000000000000	0.000000000000000	0.000000000000000	0.000000000000000	0.000000000000000	0.000000000000000	0.000000000000000	0.000000000000000	0.000000000000000	0.000000000000000	0.000000000000000	0.000031044776119	0.000077239488117	0.000121857887445	0.000132242024694	0.000116680481740	0.000126669943255	0.000132944746088	0.000125212344281	0.000120980326163	0.000124472009838	0.000136462801814	0.000131195983026	0.000135805134647	0.000115875741758	0.000118201297813	0.000151717324817	0.000176700331860	0.000186633391780	0.000192309198801	0.000189129973850	0.000178770188128	0.000152822239726	0.000141537938341	0.000140358908625	0.000144707503726	0.000148575452841	0.000150759287300	0.000149577622914	0.000147999287731	0.000155167176250	0.000175422165974	0.000176470001662	0.000171518376860	0.000168948917420	0.000169194732555	0.000167042709384	0.000165071791318	0.000165315693601	0.000164199881383	0.000166041464554	0.000166029516882	0.000164059495817	0.000164897150116	0.000167087143610	0.000166219327216	0.000167040679969	0.000167780707896	0.000166430992510	0.000167855629603	0.000167522885215	0.000167797882985	0.000166550439945	0.000166924411144	0.000167048587408	0.000167561238893	0.000167757317290	0.000168910104586	0.000170438410918	0.000171983940182	0.000173550291225	0.000174904271612	0.000175621442836	0.000177261730577	0.000177823695366	0.000178690523756	0.000179793380955	0.000181634032868	0.000182361674061	0.000184394917602	0.000185231079932	0.000185793970046	0.000187068747858	0.000188437124290	0.000188749673944	0.000189779385259	0.000190694140020	0.000192289734502	0.000193204106866	0.000193887070764	0.000194602571758	0.000195380207565	0.000196596248147	0.000198147096371	0.000200070593513	0.000201832308953	0.000202888939643
67.276000000000000	0.000000000000000	0.000000000000000	0.000000000000000	0.000000000000000	0.000000000000000	0.000000000000000	0.000000000000000	0.000000000000000	0.000000000000000	0.000000000000000	0.000000000000000	0.000000000000000	0.000000000000000	0.000000000000000	0.000000000000000	0.000000000000000	0.000000000000000	0.000000000000000	0.000000000000000	0.000006965174129	0.000006627056673	0.000018275384311	0.000028102128611	0.000036374274709	0.000026361646039	0.000029782816991	0.000036204699887	0.000037144692960	0.000041250066834	0.000039955876946	0.000049323468640	0.000052426002983	0.000056025028480	0.000051395833017	0.000046932091915	0.000046544226000	0.000049245398707	0.000052809384853	0.000057451056612	0.000066197815592	0.000081079323327	0.000079388644004	0.000075999511689	0.000065188405472	0.000060347773854	0.000057888702366	0.000058881784617	0.000058083827258	0.000056987868626	0.000061641656120	0.000063865713811	0.000064479517537	0.000065708717044	0.000063680867317	0.000062513779112	0.000061564235030	0.000059836341581	0.000060989660656	0.000061749487981	0.000062824706723	0.000063459368479	0.000063339885993	0.000062676104248	0.000062215594307	0.000062264973844	0.000062294014183	0.000062435791411	0.000063260430397	0.000063465256399	0.000064067017661	0.000063749130752	0.000062504524238	0.000062800131983	0.000063286703152	0.000063579838016	0.000064228729936	0.000064818464574	0.000064915841600	0.000064706716893	0.000064944502921	0.000065276144927	0.000065442784916	0.000065961835632	0.000066395900287	0.000066891465275	0.000067202195669	0.000067340390117	0.000067576368809	0.000068126526831	0.000068615109758	0.000068797257063	0.000068774263122	0.000068461513662	0.000068972792976	0.000069397002124	0.000069607633975	0.000069663780561	0.000069936894825	0.000070296646421	0.000070775467060	0.000071355000813	0.000072143917880	0.000072761963430	0.000073254802377	0.000073930307801
100.914000000000000	0.000000000000000	0.000000000000000	0.000000000000000	0.000000000000000	0.000000000000000	0.000000000000000	0.000000000000000	0.000000000000000	0.000000000000000	0.000000000000000	0.000000000000000	0.000000000000000	0.000000000000000	0.000000000000000	0.000000000000000	0.000000000000000	0.000000000000000	0.000000000000000	0.000000000000000	0.000009154228856	0.000007007921999	0.000006861516131	0.000005139951953	0.000007898971183	0.000015504222331	0.000016608112424	0.000010652604757	0.000010249977052	0.000010827140031	0.000013040813825	0.000014641516141	0.000016565910340	0.000016322921803	0.000019497591295	0.000021747367851	0.000021325282440	0.000020018717124	0.000019466912125	0.000017465898650	0.000017986880724	0.000019633914570	0.000023668135979	0.000026747237991	0.000033871527972	0.000034782563667	0.000037362063210	0.000035770843887	0.000034506881026	0.000031742775422	0.000026129090580	0.000023134452385	0.000023675858900	0.000023533616660	0.000022855373652	0.000023238032695	0.000023070142355	0.000023100422331	0.000023058587095	0.000023242068197	0.000022944119749	0.000022537870430	0.000022779073881	0.000022350003118	0.000022370558430	0.000022469958491	0.000022604465760	0.000022999778691	0.000023019037941	0.000023306086604	0.000022887947175	0.000022984447197	0.000023443309533	0.000023613336836	0.000023456500602	0.000023478153981	0.000023570458714	0.000023574857711	0.000023584680916	0.000023840663247	0.000024144847869	0.000024183899935	0.000024619362876	0.000024814636290	0.000024758794406	0.000025149913141	0.000025120996084	0.000025270867162	0.000025295273813	0.000025481413891	0.000025778454113	0.000025946787892	0.000026075955579	0.000026307228333	0.000026413632086	0.000026407648596	0.000026530810568	0.000026713718298	0.000026967427883	0.000027151355522	0.000027111567897	0.000026997596342	0.000027023942891	0.000027232248522	0.000027466628116	0.000027719256559
151.371000000000000	0.000000000000000	0.000000000000000	0.000000000000000	0.000000000000000	0.000000000000000	0.000000000000000	0.000000000000000	0.000000000000000	0.000000000000000	0.000000000000000	0.000000000000000	0.000000000000000	0.000000000000000	0.000000000000000	0.000000000000000	0.000000000000000	0.000000000000000	0.000000000000000	0.000000000000000	0.000001592039801	0.000002970749543	0.000002573068549	0.000003854963964	0.000003754449266	0.000003440418212	0.000003992334717	0.000007927519819	0.000007557445767	0.000006603218735	0.000006618458144	0.000005998800240	0.000005436916071	0.000006291126112	0.000006321900217	0.000005629685766	0.000007475829350	0.000008121510709	0.000009204676759	0.000009126086649	0.000008468188161	0.000007349168612	0.000007004303297	0.000007196484160	0.000006778787437	0.000006343403378	0.000006709980794	0.000008233044447	0.000009836093375	0.000012344412664	0.000015132887362	0.000017035067309	0.000016321463455	0.000015690008544	0.000014122824159	0.000012887867345	0.000011948408487	0.000010787499645	0.000009506378510	0.000009333117746	0.000009230122356	0.000008951479200	0.000008502038191	0.000008488437356	0.000008364082318	0.000008257453007	0.000008432153669	0.000008456314864	0.000008469753834	0.000008471041370	0.000008524535151	0.000008541928422	0.000008521079424	0.000008575264443	0.000008563651646	0.000008467125121	0.000008610505933	0.000008775858019	0.000008935973547	0.000008992966105	0.000009000325094	0.000009032362320	0.000009099798635	0.000009151225598	0.000009259793277	0.000009301611246	0.000009395186933	0.000009443334412	0.000009532720646	0.000009721167298	0.000009749675042	0.000009805440257	0.000009773770604	0.000009772009883	0.000009699505625	0.000009765877342	0.000009831769730	0.000009865504500	0.000009910458946	0.000009955156033	0.000010029651448	0.000010047783682	0.000010116457807	0.000010180762803	0.000010281529208	0.000010372509036
227.056000000000000	0.000000000000000	0.000000000000000	0.000000000000000	0.000000000000000	0.000000000000000	0.000000000000000	0.000000000000000	0.000000000000000	0.000000000000000	0.000000000000000	0.000000000000000	0.000000000000000	0.000000000000000	0.000000000000000	0.000000000000000	0.000000000000000	0.000000000000000	0.000000000000000	0.000000000000000	0.000000000000000	0.000000380865326	0.000000989641750	0.000000838035644	0.000000731386221	0.000000938295876	0.000000838390291	0.000000920158550	0.000000948505339	0.000001363417634	0.000001519794092	0.000002044035637	0.000001805762738	0.000001666298267	0.000001717246934	0.000002706579695	0.000002887299476	0.000003431472736	0.000003417481052	0.000003542653191	0.000003833138201	0.000004155134662	0.000004035158856	0.000003729475676	0.000003742338850	0.000003749080854	0.000003555757667	0.000003304170831	0.000003116176134	0.000002836571654	0.000002878322184	0.000002818680406	0.000002893682279	0.000002984982939	0.000003598592032	0.000004097380210	0.000004495180290	0.000004981966741	0.000005560655341	0.000005732815925	0.000005661186562	0.000005555275384	0.000005706336377	0.000005650926656	0.000005444721753	0.000005264078748	0.000005170533691	0.000005141346255	0.000004986153920	0.000004782385381	0.000004621378454	0.000004414653787	0.000004332927523	0.000004063115546	0.000003953332929	0.000003868637065	0.000003691287180	0.000003574386328	0.000003529761167	0.000003429731211	0.000003430535632	0.000003374256322	0.000003342073621	0.000003357812212	0.000003374272561	0.000003335119436	0.000003374502125	0.000003363802127	0.000003379624495	0.000003386358265	0.000003440111048	0.000003478071015	0.000003480544320	0.000003478908203	0.000003530019829	0.000003552412966	0.000003638603714	0.000003705426331	0.000003702330050	0.000003684861433	0.000003688999904	0.000003739958664	0.000003780319412	0.000003818561236	0.000003848692520	0.000003870423268
340.584000000000000	0.000000000000000	0.000000000000000	0.000000000000000	0.000000000000000	0.000000000000000	0.000000000000000	0.000000000000000	0.000000000000000	0.000000000000000	0.000000000000000	0.000000000000000	0.000000000000000	0.000000000000000	0.000000000000000	0.000000000000000	0.000000000000000	0.000000000000000	0.000000000000000	0.000000000000000	0.000000000000000	0.000000000000000	0.000000000000000	0.000000391083301	0.000000341313570	0.000000312765292	0.000000279463430	0.000000247734994	0.000000214178625	0.000000080201037	0.000000000000000	0.000000000000000	0.000000137394991	0.000000238042610	0.000000151968755	0.000000189460579	0.000000287531898	0.000000225896324	0.000000332935117	0.000000547741890	0.000000825969110	0.000001040590246	0.000001118334140	0.000001361167063	0.000001456598953	0.000001558664830	0.000001640002516	0.000001688595590	0.000001526290351	0.000001420258408	0.000001399385283	0.000001376101047	0.000001293180829	0.000001175563908	0.000001060797933	0.000001003822971	0.000000975783038	0.000000902677199	0.000000957626446	0.000001009665481	0.000001007442291	0.000001048016491	0.000001032902112	0.000001028987397	0.000001069042676	0.000001072594080	0.000001073382790	0.000001105377797	0.000001176106261	0.000001249210531	0.000001356641096	0.000001404528821	0.000001452456720	0.000001587978268	0.000001675840753	0.000001743106109	0.000001796526327	0.000001837582421	0.000001866127951	0.000001914881576	0.000001923282402	0.000001955467526	0.000001967289110	0.000001998242057	0.000002001910883	0.000002027282997	0.000002010911403	0.000001999370970	0.000001972576098	0.000001924139003	0.000001905923468	0.000001857044756	0.000001828841720	0.000001801294846	0.000001717291405	0.000001675057063	0.000001639745281	0.000001610503195	0.000001604451946	0.000001608223422	0.000001567997939	0.000001554193348	0.000001532970325	0.000001501274921	0.000001482165907	0.000001485591149
510.876000000000000	0.000000000000000	0.000000000000000	0.000000000000000	0.000000000000000	0.000000000000000	0.000000000000000	0.000000000000000	0.000000000000000	0.000000000000000	0.000000000000000	0.000000000000000	0.000000000000000	0.000000000000000	0.000000000000000	0.000000000000000	0.000000000000000	0.000000000000000	0.000000000000000	0.000000000000000	0.000000000000000	0.000000000000000	0.000000000000000	0.000000000000000	0.000000000000000	0.000000000000000	0.000000000000000	0.000000000000000	0.000000000000000	0.000000053467358	0.000000122564040	0.000000111088893	0.000000098139279	0.000000119021305	0.000000136771880	0.000000121796086	0.000000107824462	0.000000172111485	0.000000137090930	0.000000159021839	0.000000184439704	0.000000151752744	0.000000150419212	0.000000152597204	0.000000229694450	0.000000222666404	0.000000285428166	0.000000365101749	0.000000474845887	0.000000575993688	0.000000603869101	0.000000614924381	0.000000590299014	0.000000619893557	0.000000545625731	0.000000476112297	0.000000464867425	0.000000458438308	0.000000430648579	0.000000415004851	0.000000425514023	0.000000420782561	0.000000416444637	0.000000411028024	0.000000399378207	0.000000405709345	0.000000420814844	0.000000399520110	0.000000390172134	0.000000402106394	0.000000394919655	0.000000389384038	0.000000386381691	0.000000398130785	0.000000390853844	0.000000390107489	0.000000391273111	0.000000390110377	0.000000389901627	0.000000398481429	0.000000403146666	0.000000418075695	0.000000413594286	0.000000417511377	0.000000428732737	0.000000436173008	0.000000441811427	0.000000437957450	0.000000461063063	0.000000490355293	0.000000494197377	0.000000514117809	0.000000539795560	0.000000550411930	0.000000584120545	0.000000615963135	0.000000646738772	0.000000662629098	0.000000679141743	0.000000694545770	0.000000720661646	0.000000733149792	0.000000747205794	0.000000776735355	0.000000795358727	0.000000800918496
766.314000000000000	0.000000000000000	0.000000000000000	0.000000000000000	0.000000000000000	0.000000000000000	0.000000000000000	0.000000000000000	0.000000000000000	0.000000000000000	0.000000000000000	0.000000000000000	0.000000000000000	0.000000000000000	0.000000000000000	0.000000000000000	0.000000000000000	0.000000000000000	0.000000000000000	0.000000000000000	0.000000000000000	0.000000000000000	0.000000000000000	0.000000000000000	0.000000000000000	0.000000000000000	0.000000000000000	0.000000000000000	0.000000000000000	0.000000000000000	0.000000000000000	0.000000000000000	0.000000000000000	0.000000000000000	0.000000000000000	0.000000000000000	0.000000023960992	0.000000021513936	0.000000029376628	0.000000044172733	0.000000040095588	0.000000021678963	0.000000039239794	0.000000073246658	0.000000061625340	0.000000062139462	0.000000067728717	0.000000054765262	0.000000072074822	0.000000059177434	0.000000094015549	0.000000142928370	0.000000158224478	0.000000161954173	0.000000208099116	0.000000234538077	0.000000228048171	0.000000219076713	0.000000232323576	0.000000229959398	0.000000220325443	0.000000198571546	0.000000188071772	0.000000161576533	0.000000147917854	0.000000148337479	0.000000139051861	0.000000152586398	0.000000158751986	0.000000143686018	0.000000142212000	0.000000140256719	0.000000139135013	0.000000134528210	0.000000141410043	0.000000139994810	0.000000140691821	0.000000135725902	0.000000138966975	0.000000139546026	0.000000150801102	0.000000149736331	0.000000157904649	0.000000157364220	0.000000157734735	0.000000159042740	0.000000154633999	0.000000154959458	0.000000150248523	0.000000152920078	0.000000156029612	0.000000156125930	0.000000153201401	0.000000158851579	0.000000167302243	0.000000167165708	0.000000163080934	0.000000165519342	0.000000168287730	0.000000167983163	0.000000165528635	0.000000165261331	0.000000171430060	0.000000177258967	0.000000178518421	0.000000185378833
1149.471000000000000	0.000000000000000	0.000000000000000	0.000000000000000	0.000000000000000	0.000000000000000	0.000000000000000	0.000000000000000	0.000000000000000	0.000000000000000	0.000000000000000	0.000000000000000	0.000000000000000	0.000000000000000	0.000000000000000	0.000000000000000	0.000000000000000	0.000000000000000	0.000000000000000	0.000000000000000	0.000000000000000	0.000000000000000	0.000000000000000	0.000000000000000	0.000000000000000	0.000000000000000	0.000000000000000	0.000000070781427	0.000000061193893	0.000000053467358	0.000000049025616	0.000000044435557	0.000000039255712	0.000000034006087	0.000000030393751	0.000000027065797	0.000000023960992	0.000000021513936	0.000000019584419	0.000000017669093	0.000000016038235	0.000000028905285	0.000000026159863	0.000000024415553	0.000000028011518	0.000000025891442	0.000000014513297	0.000000022818859	0.000000021198477	0.000000027616136	0.000000025311879	0.000000023267409	0.000000030427784	0.000000027923133	0.000000025377941	0.000000028144569	0.000000037277105	0.000000044626738	0.000000039665001	0.000000046710503	0.000000052138082	0.000000061462621	0.000000062690591	0.000000075118915	0.000000077993051	0.000000074802660	0.000000071965437	0.000000069886900	0.000000070432219	0.000000073987577	0.000000075709986	0.000000072580400	0.000000072387811	0.000000069991028	0.000000066752567	0.000000060607509	0.000000059939711	0.000000061767476	0.000000059557275	0.000000056593666	0.000000056076792	0.000000055595172	0.000000055773660	0.000000057416675	0.000000059758534	0.000000061432818	0.000000064263480	0.000000065004179	0.000000065129188	0.000000061926313	0.000000061541560	0.000000065255760	0.000000067624056	0.000000067409342	0.000000066690928	0.000000065166293	0.000000066461066	0.000000066759468	0.000000065899079	0.000000066762539	0.000000064401816	0.000000066315057	0.000000064090874	0.000000063565169	0.000000065851175	0.000000065548317
1724.207000000000000	0.000000000000000	0.000000000000000	0.000000000000000	0.000000000000000	0.000000000000000	0.000000000000000	0.000000000000000	0.000000000000000	0.000000000000000	0.000000000000000	0.000000000000000	0.000000000000000	0.000000000000000	0.000000000000000	0.000000000000000	0.000000000000000	0.000000000000000	0.000000000000000	0.000000000000000	0.000000000000000	0.000000000000000	0.000000000000000	0.000000000000000	0.000000000000000	0.000000000000000	0.000000000000000	0.000000000000000	0.000000000000000	0.000000000000000	0.000000000000000	0.000000000000000	0.000000000000000	0.000000000000000	0.000000000000000	0.000000000000000	0.000000000000000	0.000000000000000	0.000000000000000	0.000000000000000	0.000000000000000	0.000000000000000	0.000000000000000	0.000000000000000	0.000000000000000	0.000000000000000	0.000000004837766	0.000000004563772	0.000000004239695	0.000000003945162	0.000000003615983	0.000000006647831	0.000000003042778	0.000000002792313	0.000000005075588	0.000000007036142	0.000000006578313	0.000000010142440	0.000000009444048	0.000000008982789	0.000000008409368	0.000000007879823	0.000000010448432	0.000000009921366	0.000000012102370	0.000000011410575	0.000000015856791	0.000000016306943	0.000000017887548	0.000000017156539	0.000000018415942	0.000000020597141	0.000000020682232	0.000000019997437	0.000000021079758	0.000000023901553	0.000000026639871	0.000000022756439	0.000000024617007	0.000000026358694	0.000000026522807	0.000000027426952	0.000000025351664	0.000000026227370	0.000000025710067	0.000000025255714	0.000000025437628	0.000000024294491	0.000000025148894	0.000000025907947	0.000000026730173	0.000000025004544	0.000000025733048	0.000000025791400	0.000000026446403	0.000000027199844	0.000000027924817	0.000000027586557	0.000000027231024	0.000000027458786	0.000000028741306	0.000000026841809	0.000000028137457	0.000000026356289	0.000000025723115	0.000000025092715
2586.311000000000000	0.000000000000000	0.000000000000000	0.000000000000000	0.000000000000000	0.000000000000000	0.000000000000000	0.000000000000000	0.000000000000000	0.000000000000000	0.000000000000000	0.000000000000000	0.000000000000000	0.000000000000000	0.000000000000000	0.000000000000000	0.000000000000000	0.000000000000000	0.000000000000000	0.000000000000000	0.000000000000000	0.000000000000000	0.000000000000000	0.000000000000000	0.000000000000000	0.000000000000000	0.000000000000000	0.000000000000000	0.000000000000000	0.000000000000000	0.000000000000000	0.000000000000000	0.000000000000000	0.000000000000000	0.000000000000000	0.000000000000000	0.000000000000000	0.000000000000000	0.000000000000000	0.000000000000000	0.000000000000000	0.000000000000000	0.000000000000000	0.000000000000000	0.000000000000000	0.000000000000000	0.000000000000000	0.000000000000000	0.000000000000000	0.000000000000000	0.000000000000000	0.000000000000000	0.000000003042778	0.000000002792313	0.000000002537794	0.000000002345381	0.000000002192771	0.000000000000000	0.000000001888810	0.000000000000000	0.000000000000000	0.000000001575965	0.000000002985266	0.000000002834676	0.000000002689416	0.000000003803525	0.000000003659260	0.000000003494345	0.000000003353915	0.000000003216851	0.000000003069324	0.000000002942449	0.000000003760406	0.000000004544872	0.000000005269939	0.000000005121761	0.000000004162480	0.000000005689110	0.000000006352776	0.000000006202046	0.000000006820150	0.000000006671421	0.000000006518999	0.000000006379631	0.000000006253800	0.000000007508456	0.000000007363524	0.000000007879294	0.000000008382965	0.000000008214715	0.000000008081215	0.000000008538137	0.000000008378202	0.000000008206355	0.000000008048905	0.000000007366624	0.000000007260453	0.000000006620774	0.000000007624687	0.000000007537706	0.000000007451450	0.000000008420960	0.000000008858088	0.000000009819010	0.000000010289246	0.000000010754021
3879.466000000000000	0.000000000000000	0.000000000000000	0.000000000000000	0.000000000000000	0.000000000000000	0.000000000000000	0.000000000000000	0.000000000000000	0.000000000000000	0.000000000000000	0.000000000000000	0.000000000000000	0.000000000000000	0.000000000000000	0.000000000000000	0.000000000000000	0.000000000000000	0.000000000000000	0.000000000000000	0.000000000000000	0.000000000000000	0.000000000000000	0.000000000000000	0.000000000000000	0.000000000000000	0.000000000000000	0.000000000000000	0.000000000000000	0.000000000000000	0.000000000000000	0.000000000000000	0.000000000000000	0.000000000000000	0.000000000000000	0.000000000000000	0.000000000000000	0.000000000000000	0.000000000000000	0.000000000000000	0.000000000000000	0.000000000000000	0.000000000000000	0.000000000000000	0.000000000000000	0.000000000000000	0.000000000000000	0.000000000000000	0.000000000000000	0.000000000000000	0.000000000000000	0.000000000000000	0.000000000000000	0.000000000000000	0.000000000000000	0.000000000000000	0.000000000000000	0.000000000000000	0.000000000000000	0.000000001796558	0.000000001681874	0.000000001575965	0.000000001492633	0.000000000000000	0.000000000000000	0.000000000000000	0.000000000000000	0.000000000000000	0.000000000000000	0.000000000000000	0.000000000000000	0.000000000980816	0.000000000940101	0.000000000908974	0.000000000878323	0.000000000853627	0.000000001664992	0.000000001625460	0.000000001588194	0.000000001550511	0.000000001515589	0.000000001482538	0.000000001448667	0.000000001417696	0.000000001389733	0.000000001365174	0.000000002008234	0.000000001969824	0.000000001934530	0.000000002527605	0.000000002486528	0.000000002439468	0.000000002393772	0.000000002930841	0.000000002874609	0.000000002833317	0.000000003350978	0.000000003310387	0.000000003267723	0.000000003230445	0.000000003193478	0.000000003157860	0.000000003126384	0.000000003100740	0.000000003086774	0.000000003072577
